sim,i,j,fonte_i,fonte_j,dia_i,dia_j,titulo_i,titulo_j
1.0,537,838,Estadão,Guarulhos Web,2020-09-03,2020-09-03,Amazon anuncia o quinto centro de distribuição no Brasil,Amazon anuncia o quinto centro de distribuição no Brasil
1.0,537,1804,Estadão,Diário do Grande ABC,2020-09-03,2020-09-03,Amazon anuncia o quinto centro de distribuição no Brasil,Amazon anuncia o quinto centro de distribuição no Brasil
0.9991083741188049,537,2029,Estadão,A Tribuna,2020-09-03,2020-09-03,Amazon anuncia o quinto centro de distribuição no Brasil,Amazon anuncia o quinto centro de distribuição no Brasil
1.0,838,1804,Guarulhos Web,Diário do Grande ABC,2020-09-03,2020-09-03,Amazon anuncia o quinto centro de distribuição no Brasil,Amazon anuncia o quinto centro de distribuição no Brasil
0.9991083741188049,838,2029,Guarulhos Web,A Tribuna,2020-09-03,2020-09-03,Amazon anuncia o quinto centro de distribuição no Brasil,Amazon anuncia o quinto centro de distribuição no Brasil
0.9991083741188049,1804,2029,Diário do Grande ABC,A Tribuna,2020-09-03,2020-09-03,Amazon anuncia o quinto centro de distribuição no Brasil,Amazon anuncia o quinto centro de distribuição no Brasil
0.9319831132888794,754,2028,Folha de S. Paulo,Folha da Região,2019-08-12,2019-08-12,"Walmart muda de nome no Brasil e prevê investimento de R$1,2 bi","Walmart muda de nome para Grupo Big e traz programa investimentos de R$ 1,2 bi"
0.9334810972213745,754,2121,Folha de S. Paulo,Folha de S. Paulo,2019-08-12,2019-10-23,"Walmart muda de nome no Brasil e prevê investimento de R$1,2 bi",Rede de supermercados Walmart no Brasil mudará de nome para Big
0.9663205146789551,754,2704,Folha de S. Paulo,Cruzeiro do Sul,2019-08-12,2019-08-12,"Walmart muda de nome no Brasil e prevê investimento de R$1,2 bi","Walmart muda nome no Brasil para Big e fará investimentos de R$ 1,2 bi"
0.9063929319381714,2028,2121,Folha da Região,Folha de S. Paulo,2019-08-12,2019-10-23,"Walmart muda de nome para Grupo Big e traz programa investimentos de R$ 1,2 bi",Rede de supermercados Walmart no Brasil mudará de nome para Big
0.9757364988327026,2028,2704,Folha da Região,Cruzeiro do Sul,2019-08-12,2019-08-12,"Walmart muda de nome para Grupo Big e traz programa investimentos de R$ 1,2 bi","Walmart muda nome no Brasil para Big e fará investimentos de R$ 1,2 bi"
0.92997145652771,2121,2704,Folha de S. Paulo,Cruzeiro do Sul,2019-10-23,2019-08-12,Rede de supermercados Walmart no Brasil mudará de nome para Big,"Walmart muda nome no Brasil para Big e fará investimentos de R$ 1,2 bi"
0.8856760263442993,98,2216,Diário do Grande ABC,Diário do Grande ABC - Impresso - Flip,2021-08-30,2019-07-22,Ecovias faz manutenção em todas as rodovias do SAI,Página impresso 10 (22/07/2019) - Fonte: Diário do Grande ABC
0.9408928155899048,98,2508,Diário do Grande ABC,Diário do Grande ABC,2021-08-30,2021-07-12,Ecovias faz manutenção em todas as rodovias do SAI,Sistema Anchieta-Imigrantes recebe obras e serviços de manutenção
0.8882802724838257,2216,2508,Diário do Grande ABC - Impresso - Flip,Diário do Grande ABC,2019-07-22,2021-07-12,Página impresso 10 (22/07/2019) - Fonte: Diário do Grande ABC,Sistema Anchieta-Imigrantes recebe obras e serviços de manutenção
0.933738112449646,105,939,DCI Online,DCI Online,2017-04-25,2017-10-11,"Outorga a ser paga pela Arteris no lote Rodovias dos Calçados é de R$ 1,438 bi","Arteris deposita 1ª parcela de R$ 1,2 bi de outorga para rodovia dos Calçados"
0.9690765142440796,105,1657,DCI Online,Jornal da Cidade de Bauru - JCNET,2017-04-25,2017-04-26,"Outorga a ser paga pela Arteris no lote Rodovias dos Calçados é de R$ 1,438 bi",Arteris arremata lote da Rodovias dos Calçados que passa na região
0.9082895517349243,939,1657,DCI Online,Jornal da Cidade de Bauru - JCNET,2017-10-11,2017-04-26,"Arteris deposita 1ª parcela de R$ 1,2 bi de outorga para rodovia dos Calçados",Arteris arremata lote da Rodovias dos Calçados que passa na região
0.9203922748565674,186,2297,Correio Popular,Diário do Comércio,2020-09-12,2020-09-11,Nubank compra a corretora Easynvest,Nubank compra corretora Easynvest
0.9179329872131348,186,2750,Correio Popular,Cruzeiro do Sul,2020-09-12,2020-09-11,Nubank compra a corretora Easynvest,Nubank fecha a compra da corretora Easynvest
0.9674991965293884,2297,2750,Diário do Comércio,Cruzeiro do Sul,2020-09-11,2020-09-11,Nubank compra corretora Easynvest,Nubank fecha a compra da corretora Easynvest
0.9137977361679077,215,476,Valor Econômico,DCI Online,2018-01-18,2018-02-05,Bradesco centraliza testes e compra de tecnologia,"Com Habitat, Bradesco completa ecossistema de inovação"
1.0,215,1009,Valor Econômico,Valor Econômico - Impresso,2018-01-18,2018-01-18,Bradesco centraliza testes e compra de tecnologia,Bradesco centraliza testes e compra de tecnologia
0.9137977361679077,476,1009,DCI Online,Valor Econômico - Impresso,2018-02-05,2018-01-18,"Com Habitat, Bradesco completa ecossistema de inovação",Bradesco centraliza testes e compra de tecnologia
0.9922530055046082,268,1692,Valor Econômico,Folha de S. Paulo,2016-08-31,2016-08-30,"Atrasado, Alckmin anuncia entrega de obra contra crise da água em SP","Com atraso, Alckmin anuncia entrega de obra contra crise da água"
0.9422568082809448,268,2133,Valor Econômico,Folha da Região,2016-08-31,2016-08-31,"Atrasado, Alckmin anuncia entrega de obra contra crise da água em SP",Alckmin inaugura obra hídrica que estava pronta há 10 meses
0.9506148099899292,1692,2133,Folha de S. Paulo,Folha da Região,2016-08-30,2016-08-31,"Com atraso, Alckmin anuncia entrega de obra contra crise da água",Alckmin inaugura obra hídrica que estava pronta há 10 meses
0.924547016620636,297,1430,Jornal Cana,Jornal Cana,2021-11-25,2021-06-11,Raízen investe no etanol 2G e prevê mais 20 plantas para sua produção nos próximos 10 anos,Produção de bioplásticos a partir do etanol deve crescer
0.9758068323135376,297,1873,Jornal Cana,Jornal Cana,2021-11-25,2022-05-19,Raízen investe no etanol 2G e prevê mais 20 plantas para sua produção nos próximos 10 anos,Raízen quer ter 20 plantas de Etanol 2G até 2030
0.9461005330085754,1430,1873,Jornal Cana,Jornal Cana,2021-06-11,2022-05-19,Produção de bioplásticos a partir do etanol deve crescer,Raízen quer ter 20 plantas de Etanol 2G até 2030
0.9952622056007385,378,1069,Diário da Região/São José do Rio Preto,DCI Online,2016-09-22,2016-09-22,Mercedes-Benz anuncia pista de testes no Brasil,Mercedes-Benz anuncia pista de testes no Brasil
1.0,378,2192,Diário da Região/São José do Rio Preto,Guarulhos Web,2016-09-22,2016-09-22,Mercedes-Benz anuncia pista de testes no Brasil,Mercedes-Benz anuncia pista de testes no Brasil
0.9952622056007385,1069,2192,DCI Online,Guarulhos Web,2016-09-22,2016-09-22,Mercedes-Benz anuncia pista de testes no Brasil,Mercedes-Benz anuncia pista de testes no Brasil
1.0,629,986,Guarulhos Web,Diário da Região/São José do Rio Preto,2017-09-26,2017-09-26,Toyota anuncia investimento de R$ 1 bi para a produção de novo modelo no País,Toyota anuncia investimento de R$ 1 bi para a produção de novo modelo no País
0.9470884799957275,629,1325,Guarulhos Web,Folha de S. Paulo,2017-09-26,2017-09-25,Toyota anuncia investimento de R$ 1 bi para a produção de novo modelo no País,"Toyota anuncia investimento de R$ 1,6 bilhão para produzir carro nacional"
0.9470884799957275,986,1325,Diário da Região/São José do Rio Preto,Folha de S. Paulo,2017-09-26,2017-09-25,Toyota anuncia investimento de R$ 1 bi para a produção de novo modelo no País,"Toyota anuncia investimento de R$ 1,6 bilhão para produzir carro nacional"
0.958577036857605,659,1311,Jornal Cana,Portal CanaOnline,2023-07-04,2021-06-15,Cocal investirá R$ 216 milhões na construção de segunda planta de biogás,Geo Energética amplia aposta no biogás da agroindústria
0.9504474401473999,659,1965,Jornal Cana,Valor Econômico,2023-07-04,2018-08-23,Cocal investirá R$ 216 milhões na construção de segunda planta de biogás,Nada se perde nos processos da Raízen
0.9358559846878052,1311,1965,Portal CanaOnline,Valor Econômico,2021-06-15,2018-08-23,Geo Energética amplia aposta no biogás da agroindústria,Nada se perde nos processos da Raízen
0.9741371870040894,686,1284,A Tribuna,Diário da Região/São José do Rio Preto,2017-07-27,2017-07-27,"Com explosão de hamburguerias, McDonald's abre 1ª loja digital",McDonald's abre 1ª loja digital
0.9741371870040894,686,1545,A Tribuna,Folha da Região,2017-07-27,2017-07-27,"Com explosão de hamburguerias, McDonald's abre 1ª loja digital",McDonald's abre 1ª loja digital
1.0,1284,1545,Diário da Região/São José do Rio Preto,Folha da Região,2017-07-27,2017-07-27,McDonald's abre 1ª loja digital,McDonald's abre 1ª loja digital
0.9986190795898438,1022,1619,Valor Econômico - Impresso - Flip,Valor Econômico,2019-03-15,2019-03-15,Tok&Stok volta a abrir lojas e planeja IPO,Tok&Stok volta a abrir lojas e planeja IPO
0.9986190795898438,1022,2289,Valor Econômico - Impresso - Flip,Valor Econômico - Impresso,2019-03-15,2019-03-15,Tok&Stok volta a abrir lojas e planeja IPO,Tok&Stok volta a abrir lojas e planeja IPO
1.0,1619,2289,Valor Econômico,Valor Econômico - Impresso,2019-03-15,2019-03-15,Tok&Stok volta a abrir lojas e planeja IPO,Tok&Stok volta a abrir lojas e planeja IPO
1.0,1452,2050,Valor Econômico - Impresso,Valor Econômico,2017-12-26,2017-12-26,Cacau Show prevê avanço vigoroso e acelera aberturas,Cacau Show prevê avanço vigoroso e acelera aberturas
0.945713996887207,1452,2940,Valor Econômico - Impresso,Estadão,2017-12-26,2021-07-19,Cacau Show prevê avanço vigoroso e acelera aberturas,Cacau Show põe o pé no acelerador para inaugurar 400 lojas até o fim ano
0.945713996887207,2050,2940,Valor Econômico,Estadão,2017-12-26,2021-07-19,Cacau Show prevê avanço vigoroso e acelera aberturas,Cacau Show põe o pé no acelerador para inaugurar 400 lojas até o fim ano
1.0,10,2831,DCI Online,DCI Online,2019-05-10,2019-05-10,Walmart decide focar em lojas físicas e encerra shopping virtual,Walmart decide focar em lojas físicas e encerra shopping virtual
0.9524521827697754,15,1401,Estadão,Estadão,2018-03-12,2018-08-23,"Inauguração da Artefacto, no Jardins","Inauguração Porto Luna, na Vila Olímpia"
0.9539775848388672,35,1998,Diário do Grande ABC - Impresso - Flip,Diário do Grande ABC - Impresso - Flip,2019-05-22,2019-05-22,"Scania anuncia investimento de R$ 1,4 bi em São Bernardo",Página impresso 5 (22/05/2019) - Fonte: Diário do Grande ABC
0.9581397771835327,42,209,Valor Econômico,Diário da Região/São José do Rio Preto,2016-01-27,2016-01-27,Gerdau forma joint venture com Sumitomo e Japan Steel,Conselho da Gerdau aprova joint venture com Sumitomo e Japan Steel
0.9448277950286865,49,2151,Jornal da Cidade de Bauru - JCNET,Estadão,2021-07-17,2020-07-31,Crise hídrica impulsiona mercado de energia solar,Energia solar nas residências e no comércio
0.9715245962142944,63,2668,Diário do Grande ABC,Folha da Região,2019-03-26,2019-03-26,Mercado Livre investe R$ 3 bi,Mercado Livre investe R$ 3 bi
0.9983439445495605,65,2866,Valor Econômico - Impresso - Flip,Valor Econômico - Impresso,2018-11-21,2018-11-21,Enel des­ti­na4 bi pa­ra o país até 2021,Enel destina ? 4 bi para o país até 2021
0.9561291933059692,74,538,Valor Econômico,Valor Econômico,2024-02-05,2022-12-19,"Energisa projeta investimentos de R$ 6,07 bilhões em 2024","Energisa projeta investimento de R$ 29,5 bi até 2026"
0.9646714925765991,85,891,DCI Online,Diário do Grande ABC,2017-10-14,2017-10-14,Supermercado online ganha opções e busca adeptos,Supermercado online ganha opções e busca adeptos
0.9744212627410889,91,2213,Jornal de Jundiaí,Jornal de Jundiaí,2017-07-27,2017-07-27,CPFL inaugura 2º eletroposto e consolida corredor elétrico Campinas/São Paulo | Jornal de Jundiaí,CPFL inaugura 2º eletroposto e consolida corredor elétrico | Jornal de Jundiaí
0.9999997615814209,94,1567,Diário do Grande ABC,Estadão,2021-06-26,2021-06-26,E-commerce dá fôlego a embalagens e faz setor crescer acima da média do PIB,E-commerce dá fôlego a embalagens e faz setor crescer acima da média do PIB
0.950645923614502,108,1118,Folha da Região,Estadão,2019-08-16,2019-08-15,VW desenvolve no País carro que também será feito na Europa,"Pela primeira vez, carro desenvolvido pela VW brasileira será produzido na Europa"
1.0,114,1391,Valor Econômico - Impresso,Valor Econômico,2019-03-14,2019-03-14,Fábrica da Qualcomm e USI será em Jaguariúna,Fábrica da Qualcomm e USI será em Jaguariúna
0.9999998807907104,117,850,Estadão,Estadão,2023-07-08,2023-07-08,Aigo: Nova livraria no Bom Retiro terá literatura coreana e de outras comunidades imigrantes de SP,Aigo: Nova livraria no Bom Retiro terá literatura coreana e de outras comunidades imigrantes de SP
0.9110653400421143,118,778,Valor Econômico,Valor Econômico,2018-05-07,2022-11-09,Ascenty planeja investir R$ 1 bi em centros de dados,"Ascenty investe R$ 1,5 bi em cinco centros de dados"
0.987628698348999,160,911,Folha de S. Paulo,Jornal da Cidade de Bauru - JCNET,2021-06-18,2021-06-19,Lugar de mulher é a livraria; veja como elas têm mudado o mercado dos livros e editoras,Mulheres ampliam presença e mudam mercado de livrarias e editoras
0.9974147081375122,170,601,Valor Econômico - Impresso - Flip,Valor Econômico - Impresso,2017-12-08,2017-12-08,Magazine Luiza vai elevar investimento e vê boa demanda,Magazine Luiza vai elevar investimento e vê boa demanda
0.9087505340576172,172,951,Valor Econômico,Estadão,2021-07-27,2021-04-08,"Unicórnio mexicano de venda de carros seminovos, Kavak investe R$ 2,5 bi no Brasil",Startup mexicana de carros usados Kavak atinge valor de US$ 4 bi e mira entrada no Brasil
0.9133845567703247,183,992,Diário do Grande ABC,Guarulhos Web,2021-03-02,2021-03-02,Assaí sobe 386% na B3 e faz GPA despencar,Assaí sobe 386% na B3 e faz GPA despencar
0.9688529968261719,184,2746,Valor Econômico - Impresso - Flip,Valor Econômico,2018-10-17,2018-10-17,He­ring tes­ta for­ma­tos di­fe­ren­tes de lo­jas,Hering testa formatos diferentes de lojas
0.9093296527862549,190,428,Estadão,Estadão,2024-12-17,2024-12-17,Por Aí Don Julio | Por Aí,Por Aí Bacalhau na Padaria Vila Monumento | Por Aí
0.9148313999176025,194,1875,Valor Econômico,Valor Econômico - Impresso - Flip,2016-12-02,2016-12-02,"Distribuidoras de gás terão de investir R$ 12,8 bi em SP",Concessão
0.9048511981964111,199,1792,Jornal da Cidade de Bauru - JCNET,Jornal da Cidade de Bauru - JCNET,2021-03-05,2021-05-22,Começa a duplicação da Jaú-Bocaina,Jaú-Barra começa a ser duplicada
1.0,204,1349,Folha da Região,Guarulhos Web,2017-06-20,2017-06-20,Chinesa BYD firma convênio de R$ 5 milhões com Unicamp,Chinesa BYD firma convênio de R$ 5 milhões com Unicamp
0.9573723077774048,211,1913,A Tribuna,A Tribuna,2016-06-27,2017-01-17,Tiplam inaugura pátio e quer operar grãos e açúcar neste ano,Tiplam realiza primeiro embarque de granel sólido em novo berço
0.959326446056366,219,2856,Estadão,Folha da Região,2017-08-04,2017-08-04,"CPTM inaugura estação da Linha 13-Jade, que irá até Cumbica",CPTM inaugura estação da linha que irá até Cumbica
0.9999999403953552,225,1141,Folha da Região,DCI Online,2019-01-23,2019-01-23,Admissão no varejo é a maior em 4 anos,Admissão no varejo é a maior em 4 anos
0.9117655754089355,275,984,Valor Econômico,Valor Econômico,2018-08-29,2018-08-28,Na mesa,"Carrefour estuda abrir restaurantes no Brasil, diz diretor-presidente"
0.8989988565444946,298,1746,Folha de S. Paulo,Folha da Região,2019-06-02,2019-06-06,Painel S.A.: Mappin estreia site neste mês e prepara loja física,"Mappin volta ao mercado na próxima segunda-feira, mas só no e-commerce"
0.9623058438301086,309,1274,Diário do Grande ABC,Estadão,2018-10-27,2018-10-27,Leroy Merlin cria o 1º 'shopping virtual' do setor de materiais de construção,Leroy Merlin cria o 1º ?shopping virtual? do setor de materiais de construção
0.9007532596588135,337,2039,Jornal de Jundiaí,Jornal de Jundiaí,2021-09-15,2021-09-22,"DAE e Prefeitura reforçam abastecimento, com foco no consumo consciente","Para diminuir perdas de água, DAE realiza troca de 40 mil hidrômetros"
0.9581540822982788,350,1454,Guarulhos Web,Diário do Grande ABC,2021-03-20,2021-03-20,"Eletrobras realiza investimentos de R$ 3,1 bi em 2020, 59% do orçamento","Eletrobras realiza investimentos de R$ 3,1 bi em 2020, 59% do orçamento"
0.9979742169380188,352,1256,Estadão,Diário da Região/São José do Rio Preto,2024-11-28,2024-11-28,Mercadão de SP tem entrega de reforma adiada pela segunda vez; veja o que ainda falta,Mercadão de SP tem entrega de reforma adiada pela 2ª vez; veja o que ainda Falta
0.8970925807952881,355,2843,Folha de S. Paulo,Jornal de Piracicaba,2021-08-26,2021-08-26,Pfizer anuncia parceria com farmacêutica brasileira para fazer vacina da Covid,Vacina da Pfizer contra covid-19 será fabricada no Brasil a partir de 2022
0.9999995231628418,405,1956,Jornal de Jundiaí,Diário da Região/São José do Rio Preto,2022-03-04,2022-03-04,Grupo CCR assina novo contrato de concessão da Dutra e Rio-Santos,Grupo CCR assina novo contrato de concessão da Dutra e Rio-Santos
1.0,430,2140,Valor Econômico,Valor Econômico - Impresso - Flip,2019-02-21,2019-02-21,Sabin compra 17% da rede Amparo,Sabin compra 17% da rede Amparo
0.9999998807907104,445,1438,Valor Econômico - Impresso,Valor Econômico,2017-09-26,2017-09-26,Toyota investe R$ 1 bi para montar novo carro no país,Toyota investe R$ 1 bi para montar novo carro no país
0.986869215965271,456,924,Correio Popular,Guarulhos Web,2021-02-28,2021-02-28,Ford vai fechar 160 concessionárias e terá de brigar pelas lojas que vão restar,Ford vai fechar 160 concessionárias e terá de brigar pelas lojas que vão restar
0.9207452535629272,458,2941,Valor Econômico - Impresso,Valor Econômico,2017-08-03,2018-05-09,"Lucro da Arezzo tem alta de 36,9%",Arrezzo fecha trimestre com bom desempenho e mira expansão global
0.9433865547180176,460,599,Diário do Grande ABC - Impresso - Flip,Diário do Grande ABC,2018-09-02,2018-09-02,CVC Corp investe R$ 100 mi por ano em Santo André,CVC Corp investe R$ 100 mi por ano em Santo André
0.9999997019767761,462,2045,Folha da Região,Araraquara,2016-04-23,2016-04-23,Scania inaugura laboratório e foca mercado externo,Scania inaugura laboratório e foca mercado externo
0.9699891209602356,466,2710,Diário do Grande ABC,Folha da Região,2019-04-09,2019-04-09,Metrô de São Paulo entrega a última estação da Linha 5,Metrô de São Paulo entrega a última estação da Linha 5
1.0,503,2683,Diário da Região/São José do Rio Preto,Guarulhos Web,2016-11-26,2016-11-26,Raia Drogasil aumenta a aposta em baixa renda,Raia Drogasil aumenta a aposta em baixa renda
0.9021350145339966,525,1934,Valor Econômico,DCI Online,2018-07-26,2018-03-01,"Após aquisição de fatia na Celesc, EDP investirá em seus ativos e transmissão",EDP Brasil espera avançar de forma moderada no setor de transmissão
0.9773452281951904,531,806,DCI Online,Diário do Grande ABC,2016-03-03,2016-03-03,Mercedes-Benz confirma inauguração de fábrica de veículos premium no dia 23,Mercedes-Benz confirma inauguração de fábrica de veículos premium no dia 23
0.9999999403953552,542,1052,Guarulhos Web,Correio Popular,2018-09-01,2018-09-01,Mercado Livre vai testar entregas em até um dia,Mercado Livre vai testar entregas em até um dia
0.9025389552116394,554,1871,Diário do Grande ABC - Impresso - Flip,Valor Econômico - Impresso - Flip,2018-09-18,2017-12-26,Rota 2030 deixa ao menos 63 autopeças de fora dos incentivos,Incertezas atormentam montadoras
0.8840760588645935,565,2354,Valor Econômico,Folha de S. Paulo,2024-08-21,2024-08-21,"Magazine Luiza anuncia ?loja conceito? na antiga Livraria Cultura da Avenida Paulista, em SP",Magazine Luiza anuncia megaloja no Conjunto Nacional em antigo espaço da Livraria Cultura
0.8969496488571167,567,757,A Tribuna,A Tribuna,2017-03-31,2017-04-18,Rede de academias Blue Fit inaugura unidade em Santos,Blue Fit chega a Santos e promove aulão de zumba com Gracyanne Barbosa
1.0,581,812,Valor Econômico,Valor Econômico - Impresso,2017-07-13,2017-07-13,"Einstein vai investir R$ 2,5 bi em cinco anos","Einstein vai investir R$ 2,5 bi em cinco anos"
1.0,604,2263,Correio Popular,Correio Popular,2020-08-08,2020-08-08,Policlínica 2 abre para atendimento presencial,Policlínica 2 abre para atendimento presencial
0.931583046913147,611,2824,DCI Online,DCI Online,2017-10-24,2019-04-25,Lojas Renner tem salto no lucro do 3ºtri com aposta em estoques maiores,Lojas Renner supera expectativas com lucro 45% maior no 1º tri
0.9266476631164551,663,2518,Valor Econômico,Diário de Sorocaba,2016-06-17,2016-06-18,"Canadian Solar vai investir R$ 2,3 bi no Brasil em geração","Mesmo com País em crise, empresa de energia solar promete 400 empregos"
0.9867814779281616,665,2283,A Tribuna,Diário do Grande ABC,2021-05-28,2021-05-28,Volkswagen vai parar fábricas por dez dias por falta de insumos,Volkswagen vai parar 2 fábricas por dez dias por falta de insumo
0.9255872964859009,675,1896,Todo Dia,Diário da Região/São José do Rio Preto,2022-12-05,2022-11-23,Maior roda-gigante da América Latina será inaugurada em SP em 09 de dezembro,Maior roda-gigante da América Latina será inaugurada neste ano em SP
0.8962445855140686,695,856,Correio Popular,Jornal de Jundiaí,2020-10-19,2020-10-19,Pacote ferroviário de R$ 6 bi inclui região,SP:acordo da ANTT permite investimento de R$ 6 bi em malha ferroviária
0.9923582077026367,716,1578,DCI Online,Folha da Região,2019-07-29,2019-07-29,"BB vai reorganizar agências e funções, com previsão de plano de desligamento","BB vai reorganizar agências e funções, com previsão de plano de desligamento"
0.9990823268890381,717,1812,Valor Econômico,Valor Econômico - Impresso - Flip,2018-03-16,2018-03-16,"Vérios tem aporte de R$ 5,2 milhões liderado por e.Bricks","Vérios tem aporte de R$ 5,2 milhões liderado por e.Bricks"
0.9197236895561218,727,1172,Correio Popular - Impresso - Flip,DCI Online,2019-04-18,2019-04-17,Nestlé anuncia versões em pó e cápsulas da marca; Nescafé será `repaginado',Nestlé investe R$ 300 milhões e lança cafés Starbucks no varejo
1.0,728,1676,Valor Econômico - Impresso,Valor Econômico,2018-11-26,2018-11-26,"Para rede Curitiba, há oportunidade de crescer no setor","Para rede Curitiba, há oportunidade de crescer no setor"
0.9982967376708984,729,2282,Estadão,Diário do Grande ABC,2022-06-29,2022-06-29,Volkswagen vai abrir vagas na fábrica de Taubaté para a produção de dois novos modelos,Volkswagen vai abrir vagas na fábrica de Taubaté para a produção de dois modelos
0.9582128524780273,743,1636,Jornal Cana,A Tribuna,2023-10-06,2024-05-24,Raízen inicia a operação em sua segunda planta de E2G ? JornalCana,Raízen inaugura planta de E2G com capacidade para produzir 82 milhões litros de etanol por ano
0.968318521976471,764,2493,Estadão,Estadão,2021-05-24,2020-05-18,Viter amplia oferta para se fortalecer em insumos,Votorantim reforça presença no setor agro
0.9228508472442627,774,1511,Diário do Grande ABC,Diário do Grande ABC,2020-10-14,2020-07-08,Diadema cede área para Sabesp construir usina de tratamento de lixo,Sabesp vai assumir gestão do lixo em Diadema por 40 anos
0.8932350873947144,781,2802,Valor Econômico - Impresso - Flip,Valor Econômico - Impresso,2018-11-05,2017-11-22,Sol­vay vai in­ves­tir R$ 150 mi­lhões em ex­pan­são até 2020,"Solvay dobra capacidade de produção de solvente ""verde"" em Paulínia"
0.8904882669448853,808,2120,Diário de Sorocaba,Cruzeiro do Sul,2021-09-01,2022-02-01,Raposo Tavares ganhará quatro novos viadutos na região de Brigadeiro Tobias,Trechos da rodovia Raposo Tavares com obras têm bloqueios parciais
0.9370810985565186,815,1375,DCI Online,Estadão,2019-11-14,2019-11-14,Pão de Açúcar planeja abrir novas unidades em 2020,GPA planeja abrir novas unidades com a marca Pão de Açúcar em 2020
0.9151569604873657,820,2056,Diário do Grande ABC - Impresso - Flip,Diário do Grande ABC - Impresso - Flip,2018-10-04,2018-10-04,Página impresso 6 (04/10/2018) - Fonte: Diário do Grande ABC,Unidade Industrial conta também com loja da Swift; drogaria será inaugurada em novembro
0.9988293647766113,827,1304,Jornal de Jundiaí,Folha de S. Paulo,2019-10-29,2019-10-29,iFood vai testar robôs para entrega de comida e prevê operação em 2020,iFood vai testar robôs para entrega de comida e prevê operação em 2020
1.0,829,2507,Araraquara,Guarulhos Web,2016-07-29,2016-07-29,Lodo e esgoto serão usados para produzir energia,Lodo e esgoto serão usados para produzir energia
0.9964475631713867,851,2604,DCI Online,DCI Online,2017-05-23,2017-05-23,Nestlé elevará capacidade de análise de alimentos com nova unidade no Brasil,Nestlé elevará capacidade de análise de alimentos com nova unidade no Brasil
0.9749871492385864,869,1738,DCI Online,DCI Online,2019-04-04,2019-04-04,Gestora Franklin Templeton investe US$ 30 milhões em fintech especializada em antecipação de ...,Gestora Franklin Templeton investe US$30 milhões em fintech Weel
1.0,872,2123,Folha da Região,DCI Online,2018-09-19,2018-09-19,Scania volta a produzir em dois turnos,Scania volta a produzir em dois turnos
0.8839685916900635,881,2122,Estadão,Estadão,2021-02-08,2019-11-28,Programa integra grandes marcas,Varejistas criam empresa de fidelidade
0.9674568176269531,907,1522,Cruzeiro do Sul,Diário do Grande ABC,2021-10-30,2021-10-29,"CCR paga R$ 1,8 bilhões para renovar concessão da Dutra",CCR vence leilão da Dutra e vai investir R$ 15 bi na rodovia
0.8976086378097534,909,1055,Estadão,DCI Online,2019-09-19,2017-09-25,Toyota anuncia investimento de R$ 1 bilhão em fábrica de Sorocaba para produzir novo carro,Toyota vai investir R$ 1 bi em fábrica de veículos em SP
0.9119834899902344,918,1029,Valor Econômico,Valor Econômico,2020-10-16,2020-10-15,"EmbraerX lança a Eve, startup de mobilidade aérea urbana",EmbraerX lança primeira empresa na área de mobilidade aérea urbana
0.882702112197876,934,2766,Diário do Grande ABC,Diário do Grande ABC - Impresso - Flip,2020-03-10,2020-03-11,Havan programa ofensiva no quintal da Casas Bahia,Havan e Casas Bahia
0.9999996423721313,949,2041,Valor Econômico,Valor Econômico - Impresso,2017-07-26,2017-07-26,Setor de energia inova no relacionamento com consumidores,Setor de energia inova no relacionamento com consumidores
1.0,956,2106,Diário da Região/São José do Rio Preto,Diário do Grande ABC,2022-03-06,2022-03-06,"Conheça novas garagens em SP, que abrigam bares e padaria","Conheça novas garagens em SP, que abrigam bares e padaria"
0.9999998807907104,985,1916,Correio Popular,Correio Popular,2022-04-04,2022-03-30,Congonhas ganha tecnologia que evita que aeronaves escapem da pista,Congonhas ganha tecnologia que evita que aeronaves escapem da pista
0.974178671836853,988,2202,Diário do Grande ABC,Estadão,2016-07-26,2016-07-26,Grupo Zaffari investe R$ 35 milhões no segundo hipermercado em São Paulo,Grupo Zaffari investe R$ 35 milhões no segundo hipermercado em São Paulo - Economia
1.0,1008,1948,Estadão,Guarulhos Web,2018-08-08,2018-08-08,Drogaria Onofre reforça vendas online e terá nome da controladora CVS na marca,Drogaria Onofre reforça vendas online e terá nome da controladora CVS na marca
0.9977889060974121,1021,2147,DCI Online,Estadão,2019-04-20,2019-04-20,Gigante inglesa SSP abrirá 18 lojas de alimentação em aeroportos brasileiros,Gigante inglesa SSP abrirá 18 lojas de alimentação em aeroportos brasileiros
0.9948716759681702,1024,2275,DCI Online,Guarulhos Web,2017-03-17,2017-03-17,"Com o novo Corolla, Toyota quer exportar mais a partir do Brasil","Com o novo Corolla, Toyota quer exportar mais a partir do Brasil"
0.9592626690864563,1040,1589,Estadão,Estadão,2019-12-02,2019-12-02,Mercedes e Bosch formam consórcio para construir centro de testes veicular,Mercedes-Benz e Bosch terão centro de testes de veículos no Brasil
0.9999997615814209,1054,1796,Diário do Grande ABC,Folha da Região,2018-04-08,2018-04-08,Empreendedores saudáveis,Empreendedores saudáveis
0.9256410002708435,1076,2108,Valor Econômico - Impresso - Flip,Valor Econômico - Impresso,2019-07-15,2019-07-15,TecBan une ?mundo físico e digital?,"Em meio à corrida digital, TecBan acelera investimento"
0.9103142619132996,1084,2443,Valor Econômico,Valor Econômico - Impresso - Flip,2019-03-15,2019-03-11,Estácio cresce em educação a distância,Jovem migra para ensino a distância e Uniasselvi cresce
0.9429360628128052,1096,2131,Valor Econômico,DCI Online,2017-10-09,2017-10-09,"Mercedes-Benz vai investir R$ 2,4 bilhões no Brasil entre 2018 e 2022","Mercedes-Benz investirá R$2,4 bi no Brasil nos próximos 5 anos em caminhões e ônibus"
0.897432804107666,1112,1639,Valor Econômico - Impresso,Estadão,2017-12-08,2017-12-08,GM planeja vender carro elétrico no Brasil em 2018,GM vai lançar veículo elétrico e serviço de aluguel de carros no País
0.9753190279006958,1126,2072,DCI Online,DCI Online,2019-08-27,2019-08-28,"Mercedes Benz Brasil investirá R$1,4 bi em nova linha de caminhões, mesmo com exportações fracas","Mercedes Benz vai investir R$ 1,4 bi"
0.9078398942947388,1132,1846,Cruzeiro do Sul,Cruzeiro do Sul,2016-01-05,2022-05-21,Começam as obras de duplicação entre os kms 63 e 67 da Raposo Tavares,"Duplicação da Raposo Tavares, no trecho de Brigadeiro, está no final"
0.9038258790969849,1134,2312,Folha de S. Paulo,Diário do Grande ABC,2019-07-17,2022-11-21,Metrô de SP terá vigilância com reconhecimento facial,Metrô de SP ganha novo sistema de monitoramento por câmeras após alta de roubos
0.9634592533111572,1140,1195,Guarulhos Web,Estadão,2021-02-16,2021-02-16,"Na contramão dos bancos e com apoio do BC, cooperativas abrem agências no País","Na contramão dos bancos e com apoio do BC, cooperativas abrem agências no País"
0.9215879440307617,1142,2997,Correio Popular,Correio Popular,2021-01-06,2021-01-06,Rede D'Or inicia obras de hospital,Rede D'Or inicia obras de hospital
0.9472704529762268,1149,2556,A Tribuna,A Tribuna,2024-12-24,2024-03-24,[JOR-TER] Porto de Santos movimenta 7 milhões de toneladas,Porto de Santos ampliará operações de contêineres
0.9296666979789734,1157,1937,Estadão,DCI Online,2018-04-04,2018-12-25,Honda inaugura fábrica pronta há 2 anos no interior de SP,Honda deve abrir fábrica que ficou fechada por 3 anos
1.0,1163,1531,Valor Econômico,Valor Econômico - Impresso,2018-08-27,2018-08-27,"Novo dono investe R$ 1,9 bi para recuperar Walmart","Novo dono investe R$ 1,9 bi para recuperar Walmart"
0.9737683534622192,1168,2852,Guarulhos Web,Diário do Grande ABC,2018-10-31,2018-10-31,À La Garçonne lança marca focada em streetwear e com preços acessíveis,À La Garçonne lança marca focada em streetwear e com preços acessíveis
1.0,1185,2992,Diário do Grande ABC,Folha da Região,2017-12-29,2017-12-29,'2018 será nosso maior ano de investimento','2018 será nosso maior ano de investimento'
0.9899526834487915,1226,1358,Guarulhos Web,Estadão,2019-08-04,2019-08-04,Como as pequenas livrarias estão conseguindo driblar a crise e sobreviver,Como as pequenas livrarias estão conseguindo driblar a crise e sobreviver
1.0,1231,2600,Diário da Região/São José do Rio Preto,Jornal de Jundiaí,2022-03-16,2022-03-16,Montadora chinesa anuncia investimento de R$ 10 bilhões no Brasil,Montadora chinesa anuncia investimento de R$ 10 bilhões no Brasil
0.9992732405662537,1252,1583,Jornal de Jundiaí,Jornal de Jundiaí,2021-05-20,2021-05-20,Caixa pretende abrir 130 unidades em todo o país até o fim do ano,Caixa vai abrir 130 unidades em todo o país até o fim do ano
0.9914041757583618,1254,1488,Diário do Grande ABC,Guarulhos Web,2020-08-27,2020-08-27,Prefeitura de SP abre edital para concessão do terraço do Edifício Martinelli,Prefeitura de SP abre edital para concessão do terraço do Edifício Martinelli
0.9371320009231567,1264,2748,Valor Econômico,Valor Econômico - Impresso - Flip,2018-06-11,2018-06-06,Distribuidoras da Enel estão entre as melhores e piores do Brasil,Enel eleva aporte na Eletropaulo
0.9958781599998474,1269,1357,Valor Econômico - Impresso - Flip,Valor Econômico,2019-04-15,2019-04-15,Lojas Cem fatura e lucra com lojas de rua e sem web,Lojas Cem fatura e lucra com lojas de rua e sem web
0.9524224996566772,1271,1529,Diário do Grande ABC,Diário do Grande ABC,2020-01-14,2020-01-14,Lara antecipa início das obras de usina de incineração para julho,Lara projeta início das obras de usina de incineração de lixo até julho
0.9265979528427124,1272,1298,Diário do Grande ABC,Estadão,2020-10-14,2020-10-14,Aportes em startup puxam negócios,Investimentos em startups puxam número de fusões e aquisições no País
0.9015640020370483,1273,1365,Diário do Grande ABC,Jornal de Jundiaí,2021-02-11,2022-07-01,Congonhas será primeiro aeroporto da América Latina com tecnologia EMAS,Áreas de escape da pista do Aeroporto de Congonhas são concluídas
0.9136978387832642,1295,1748,Cruzeiro do Sul,Cruzeiro do Sul,2021-06-12,2021-12-05,Nova agência,Sicredi inaugura terceira unidade cooperativa em Sorocaba
0.999947190284729,1296,1976,O Diário de Mogi,O Diário de Mogi,2021-03-05,2021-03-05,Hospital Santa Maria abre 4 leitos de UTI amanhã e mais 6 até quarta,Hospital Santa Maria abre 4 leitos de UTI amanhã e mais 6 até quarta
0.9999999403953552,1312,1498,Diário do Grande ABC,Correio Popular,2021-05-10,2021-05-11,GM vai produzir nova picape na fábrica de São Caetano,GM vai produzir nova picape na fábrica de São Caetano
0.9987567663192749,1315,1729,Estadão,Diário do Grande ABC,2021-05-08,2021-05-08,"Grupo catarinense que fatura R$ 8,8 bi vai abrir 1º atacarejo no Estado de SP","Grupo catarinense que fatura R$ 8,8 bi vai abrir 1º atacarejo no estado de SP"
0.921093225479126,1320,2625,Estadão,Diário de Sorocaba,2016-05-11,2016-05-11,"Em meio à crise, Toyota abre fábrica de motores no interior de SP",Toyota inaugura nova fábrica de motores em Porto Feliz
0.9164555668830872,1331,2346,Estadão,Guarulhos Web,2017-12-08,2017-12-08,Microsoft e Banco Votorantim investem R$ 1 milhão na startup Quero Quitar,Microsoft e BV investem em startup
0.9060831665992737,1366,1617,A Tribuna,A Tribuna,2018-01-25,2021-10-31,EMTU prevê VLT até 2022 na Área Continental de São Vicente,Novo trecho do VLT em Santos deve entrar em operação no final de 2022
0.94501793384552,1402,2377,Jornal da Cidade de Bauru - JCNET,Folha de S. Paulo,2021-08-11,2021-08-11,Mercado Livre anuncia novos armazéns e diz não estar interessada nos Correios,Mercado Livre anuncia novos armazéns e diz não estar interessada nos Correios
0.9374898076057434,1431,1557,A Tribuna,Folha de S. Paulo,2024-03-11,2024-06-15,"Porto de Santos receberá R$ 21,28 bilhões para obras de infraestrutura nos próximos quatro anos",Plano de investimento no porto de Santos prevê melhorias na rodovia Anchieta
0.9999998211860657,1481,2566,Correio Popular,Diário da Região/São José do Rio Preto,2024-02-26,2024-02-26,"Aena vai anunciar R$ 2 bi de investimentos em Congonhas, afirma ministro","Aena vai anunciar R$ 2 bi de investimentos em Congonhas, afirma ministro"
1.0,1483,2959,Valor Econômico,Valor Econômico - Impresso,2018-10-08,2018-10-08,L'Occitane investe em expansão no país,L'Occitane investe em expansão no país
0.9308450222015381,1497,2234,Cruzeiro do Sul,A Tribuna,2019-10-15,2019-10-14,Atibaia inaugura o primeiro parque aquático indoor do Brasil,Atibaia ganha parque aquático indoor inédito
0.8882603645324707,1525,2765,São Carlos em Rede,Folha de S. Paulo,2018-04-03,2018-04-03,Honda anuncia data da inauguração de sua fábrica em Itirapina,"Fechada há três anos, fábrica nacional da Honda começa a produzir em 2019"
0.9197868704795837,1530,2138,Estadão,Cruzeiro do Sul,2021-02-26,2020-08-30,"Ruim na pandemia, excelente no futuro. Brasileiros são de extremos e muito otimistas",Empreendedores apostam em novos caminhos para driblar efeitos da crise
0.931420624256134,1543,2978,DCI Online,DCI Online,2019-06-04,2019-06-04,CORREÇÃO (OFICIAL) - Raízen testa geração solar distribuída para fornecer energia a postos e parceiros,Raízen testa geração solar distribuída para fornecer energia a postos e parceiros
1.0,1547,2302,Estadão,Cruzeiro do Sul,2019-05-16,2019-05-16,"Em meio à crise, outlets crescem e Grande SP ganha dois novos projetos","Em meio à crise, outlets crescem e Grande SP ganha dois novos projetos"
0.9469660520553589,1558,2218,Jornal de Jundiaí,Jornal de Jundiaí,2016-07-18,2016-07-18,Grendacc comemora 21 anos com novas alas,Grendacc comemora 21 anos com mais inaugurações
0.976609468460083,1573,2066,Diário do Grande ABC,Diário do Grande ABC - Impresso - Flip,2018-10-16,2018-10-16,"FSA inaugura laboratório voltado à indústria automotiva, hoje","FSA inaugura laboratório voltado à indústria automotiva, hoje"
0.9117547273635864,1612,2054,O Imparcial Online,O Imparcial Online,2020-10-31,2020-10-31,INTERPLAN INAUGURA A SUA CASA DE HOMENAGENS PÓSTUMAS NO MUNICÍPIO DE PIRAPOZINHO!,Interplan inaugura a sua casa de homenagens póstumas no município de Pirapozinho
0.9612708687782288,1613,1993,Diário do Rio Claro - Impresso - Flip,Diário do Rio Claro - Impresso - Flip,2017-07-06,2017-07-06,Página impresso 8 (06/07/2017) - Fonte: Diário do Rio Claro,Rede Savegnago inaugura primeira loja em Piracicaba
0.9437899589538574,1625,2628,Guarulhos Web,Estadão,2019-08-16,2019-08-15,Briga entre China e EUA preocupa Votorantim,Guerra comercial preocupa Votorantim
0.9264616966247559,1671,2495,Jornal da Cidade de Bauru - JCNET,Estadão,2020-09-29,2020-09-25,Instituto Butantan em defesa da saúde dos brasileiros,"Butantan, a fábrica de saúde dos brasileiros"
0.9707615971565247,1694,1828,Valor Econômico,Valor Econômico - Impresso,2017-11-04,2017-11-04,"Resort Santa Clara, premiado por TripAdvisor, anuncia nova unidade","Resort Santa Clara, premiado por TripAdvisor, anuncia nova unidade"
0.9999600052833557,1737,1879,O Diário de Mogi,O Diário de Mogi,2021-07-27,2021-07-27,BUSCAR,BUSCAR
0.9919717311859131,1750,1784,Estadão,DCI Online,2016-08-23,2016-08-23,Toyota inaugura no País o 1º centro de pesquisa da empresa na América Latina,Toyota inaugura no País o 1º centro de pesquisa da empresa na América Latina
0.9999998807907104,1751,2701,Estadão,Estadão,2023-09-04,2023-09-04,Oxxo chega a 350 unidades no Brasil em menos de três anos e mantém ritmo frenético de expansão,Oxxo chega a 350 unidades no Brasil em menos de três anos e mantém ritmo frenético de expansão
0.9678813219070435,1789,2535,Diário da Região/São José do Rio Preto,Diário da Região/São José do Rio Preto,2020-09-16,2020-09-16,"Em meio à pandemia, empresas fazem contratações de olho na retomada",Empresas da região expandem negócios fazem contratações
0.9053869247436523,1813,1862,Diário do Grande ABC,Correio Popular,2022-01-30,2016-05-07,Shoppings se diversificam e oferecem serviços de saúde,Campinas está bem servida de shoppings
0.9883621335029602,1906,2481,Guarulhos Web,Diário do Grande ABC,2019-07-02,2019-07-02,"No cardápio da cafeteria, uma dose de ciência","No cardápio da cafeteria, uma dose de ciência"
0.9483283758163452,1931,2070,DCI Online,Diário do Grande ABC,2019-05-22,2019-05-21,"Scania anuncia R$ 1,4 bilhão para planta de São Bernardo","Scania anuncia investimento de R$ 1,4 bilhão"
0.9150654077529907,1950,2836,Valor Econômico,Estadão,2019-08-19,2019-08-19,Embraer vai investir US$ 30 milhões para expandir unidade em SP,Embraer investe US$ 30 milhões em expansão de unidade em São José dos Campos
0.9001913070678711,2049,2973,Diário do Grande ABC,Diário do Grande ABC - Impresso - Flip,2018-10-02,2018-10-02,Christóvão da Gama quer mais que dobrar leitos ativos até 2020,Christóvão da Gama mira abrir 150 leitos
0.9999996423721313,2080,2853,Valor Econômico - Impresso,Valor Econômico,2016-01-28,2016-01-28,Gerdau e grupos japoneses fazem parceria para atender setor eólico,Gerdau e grupos japoneses fazem parceria para atender setor eólico
0.8855512142181396,2094,2473,Valor Econômico,Diário da Região/São José do Rio Preto,2024-12-13,2024-12-13,Assaí finaliza conversão de hipermercados e chega a 300 lojas no Brasil,Assaí atinge marca de 300 lojas em operação no Brasil
0.9812848567962646,2146,2476,Cruzeiro do Sul,Cruzeiro do Sul,2017-11-07,2017-11-07,Fabricante de papel 'WestRock' anuncia fábrica em Porto Feliz,WestRock anuncia fábrica em Porto Feliz
0.8828152418136597,2155,2423,Estadão,Estadão,2021-02-25,2021-04-27,Turismo de luxo em alta no Brasil,Hotéis apostam em demanda reprimida do turismo com inaugurações
0.905927300453186,2210,2673,Valor Econômico - Impresso,DCI Online,2019-02-28,2019-10-25,"EDP prevê investir R$ 2,9 bilhões no Brasil neste ano","EDP São Paulo irá investir R$ 1,5 bi entre 2019 e 2023 no sistema de distribuição"
0.9891631603240967,2273,2822,Folha da Região,Diário do Grande ABC,2019-05-28,2019-05-28,Aeroporto de Guarulhos terá trem entre terminais de passageiros e linha da CPTM,Aeroporto de Guarulhos terá trem entre terminais de passageiros e linha da CPTM
0.9999998807907104,2306,2706,Valor Econômico,Valor Econômico - Impresso,2018-11-30,2018-11-30,Latam vê chance de repassar custo em 2019,Latam vê chance de repassar custo em 2019
0.8943285942077637,2307,2690,Valor Econômico - Impresso,A Tribuna,2017-09-20,2021-02-02,Santos Brasil põe à venda dois terminais,"Com foco no mercado, Santos Brasil diversifica operação"
0.9086965322494507,2356,2691,Estadão,Estadão,2024-12-12,2024-05-22,Expansão da Linha 4-Amarela do metrô de São Paulo avança para nova etapa | Mobilidade Estadão |,Linha 4-Amarela do Metrô tem plano de novas estações: onde devem ser e para quando estão previstas?
0.9239902496337891,2357,2484,DCI Online,DCI Online,2016-01-28,2016-01-27,Gerdau firma joint venture para fornecer peças no País,Gerdau fará parceria com Sumitomo Corp e JSW voltada para mercado de energia eólica
0.9970141053199768,2364,2768,Jornal de Jundiaí,Jornal de Jundiaí - Impresso - Flip,2016-08-26,2016-08-27,Paulistão inaugura segunda loja com mais investimentos,Paulistão inaugura segunda loja com mais investimentos
0.9296044111251831,2397,2695,DCI Online,Jornal da Cidade de Bauru - JCNET,2019-06-05,2019-06-07,JBS investe R$105 milhões em produção de embalagens no interior de SP,JBS irá investir R$ 105 milhões em unidades de Lins e Guaiçara
0.9299615025520325,2404,2877,Estadão,Valor Econômico - Impresso,2017-08-14,2017-08-14,"Volkswagen anuncia investimento de R$ 2,6 bi em fábrica de São Bernardo","Volkswagen vai investir R$ 2,6 bilhões em fábrica no ABC"
0.990371584892273,2409,2555,Estadão,Folha da Região,2019-05-22,2019-05-22,"Scania fará novo aporte de R$ 1,4 bi na fábrica do ABC","Scania fará novo aporte de R$ 1,4 bi na fábrica do ABC"
0.95646071434021,2488,2759,Folha de S. Paulo,DCI Online,2021-08-04,2019-02-21,"Gerdau tem resultado recorde no 2º tri, acima das expectativas",Gerdau tem lucro de R$389 mi no 4º tri impulsionado por preços maiores de aço
0.9417836666107178,2689,2700,Diário do Grande ABC,Folha da Região,2019-01-03,2019-01-03,"BNDES aprova R$ 1,81 bi para implantação de duto de transporte de etanol","BNDES aprova R$ 1,81 bi para implantação de duto de transporte de etanol"
0.9053671360015869,2787,2804,Estadão,Jornal do Carro,2023-03-31,2023-04-04,Toyota faz parceria com empresas em projeto de produção no País de hidrogênio a partir do etanol,Toyota do Brasil terá carro elétrico a hidrogênio movido a etanol
